,param_classifier,param_classifier__C,param_classifier__gamma,params,mean_test_accuracy,rank_test_accuracy,mean_train_accuracy,mean_test_f1_micro,rank_test_f1_micro,mean_train_f1_micro,mean_test_hamming_loss,rank_test_hamming_loss,mean_train_hamming_loss,mean_test_precision,rank_test_precision,mean_train_precision
0,"SVC(C=1000.0, gamma=0.0001)",0.0001,0.0001,"{'classifier': SVC(C=1000.0, gamma=0.0001), 'classifier__C': 0.0001, 'classifier__gamma': 0.0001}",0.1108,15,0.1346,0.5935,22,0.612,-0.3224,16,-0.3073,0.6565,13,0.6721
1,"SVC(C=1000.0, gamma=0.0001)",0.0001,0.001,"{'classifier': SVC(C=1000.0, gamma=0.0001), 'classifier__C': 0.0001, 'classifier__gamma': 0.001}",0.1108,15,0.1346,0.5935,22,0.612,-0.3224,16,-0.3073,0.6565,13,0.6721
2,"SVC(C=1000.0, gamma=0.0001)",0.0001,0.01,"{'classifier': SVC(C=1000.0, gamma=0.0001), 'classifier__C': 0.0001, 'classifier__gamma': 0.01}",0.1108,15,0.1346,0.5935,22,0.612,-0.3224,16,-0.3073,0.6565,13,0.6721
3,"SVC(C=1000.0, gamma=0.0001)",0.0001,0.1,"{'classifier': SVC(C=1000.0, gamma=0.0001), 'classifier__C': 0.0001, 'classifier__gamma': 0.1}",0.1108,15,0.1346,0.5935,22,0.612,-0.3224,16,-0.3073,0.6565,13,0.6721
4,"SVC(C=1000.0, gamma=0.0001)",0.0001,1.0,"{'classifier': SVC(C=1000.0, gamma=0.0001), 'classifier__C': 0.0001, 'classifier__gamma': 1.0}",0.1108,15,0.1346,0.5935,22,0.612,-0.3224,16,-0.3073,0.6565,13,0.6721
5,"SVC(C=1000.0, gamma=0.0001)",0.0001,10.0,"{'classifier': SVC(C=1000.0, gamma=0.0001), 'classifier__C': 0.0001, 'classifier__gamma': 10.0}",0.1108,15,0.1346,0.5935,22,0.612,-0.3224,16,-0.3073,0.6565,13,0.6721
6,"SVC(C=1000.0, gamma=0.0001)",0.0001,100.0,"{'classifier': SVC(C=1000.0, gamma=0.0001), 'classifier__C': 0.0001, 'classifier__gamma': 100.0}",0.1108,15,0.1346,0.5935,22,0.612,-0.3224,16,-0.3073,0.6565,13,0.6721
7,"SVC(C=1000.0, gamma=0.0001)",0.0001,1000.0,"{'classifier': SVC(C=1000.0, gamma=0.0001), 'classifier__C': 0.0001, 'classifier__gamma': 1000.0}",0.1108,15,0.1346,0.5935,22,0.612,-0.3224,16,-0.3073,0.6565,13,0.6721
8,"SVC(C=1000.0, gamma=0.0001)",0.0001,10000.0,"{'classifier': SVC(C=1000.0, gamma=0.0001), 'classifier__C': 0.0001, 'classifier__gamma': 10000.0}",0.1108,15,0.1346,0.5935,22,0.612,-0.3224,16,-0.3073,0.6565,13,0.6721
9,"SVC(C=1000.0, gamma=0.0001)",0.001,0.0001,"{'classifier': SVC(C=1000.0, gamma=0.0001), 'classifier__C': 0.001, 'classifier__gamma': 0.0001}",0.1108,15,0.1346,0.5935,22,0.612,-0.3224,16,-0.3073,0.6565,13,0.6721
10,"SVC(C=1000.0, gamma=0.0001)",0.001,0.001,"{'classifier': SVC(C=1000.0, gamma=0.0001), 'classifier__C': 0.001, 'classifier__gamma': 0.001}",0.1108,15,0.1346,0.5935,22,0.612,-0.3224,16,-0.3073,0.6565,13,0.6721
11,"SVC(C=1000.0, gamma=0.0001)",0.001,0.01,"{'classifier': SVC(C=1000.0, gamma=0.0001), 'classifier__C': 0.001, 'classifier__gamma': 0.01}",0.1108,15,0.1346,0.5935,22,0.612,-0.3224,16,-0.3073,0.6565,13,0.6721
12,"SVC(C=1000.0, gamma=0.0001)",0.001,0.1,"{'classifier': SVC(C=1000.0, gamma=0.0001), 'classifier__C': 0.001, 'classifier__gamma': 0.1}",0.1108,15,0.1346,0.5935,22,0.612,-0.3224,16,-0.3073,0.6565,13,0.6721
13,"SVC(C=1000.0, gamma=0.0001)",0.001,1.0,"{'classifier': SVC(C=1000.0, gamma=0.0001), 'classifier__C': 0.001, 'classifier__gamma': 1.0}",0.1108,15,0.1346,0.5935,22,0.612,-0.3224,16,-0.3073,0.6565,13,0.6721
14,"SVC(C=1000.0, gamma=0.0001)",0.001,10.0,"{'classifier': SVC(C=1000.0, gamma=0.0001), 'classifier__C': 0.001, 'classifier__gamma': 10.0}",0.1108,15,0.1346,0.5935,22,0.612,-0.3224,16,-0.3073,0.6565,13,0.6721
15,"SVC(C=1000.0, gamma=0.0001)",0.001,100.0,"{'classifier': SVC(C=1000.0, gamma=0.0001), 'classifier__C': 0.001, 'classifier__gamma': 100.0}",0.1108,15,0.1346,0.5935,22,0.612,-0.3224,16,-0.3073,0.6565,13,0.6721
16,"SVC(C=1000.0, gamma=0.0001)",0.001,1000.0,"{'classifier': SVC(C=1000.0, gamma=0.0001), 'classifier__C': 0.001, 'classifier__gamma': 1000.0}",0.1108,15,0.1346,0.5935,22,0.612,-0.3224,16,-0.3073,0.6565,13,0.6721
17,"SVC(C=1000.0, gamma=0.0001)",0.001,10000.0,"{'classifier': SVC(C=1000.0, gamma=0.0001), 'classifier__C': 0.001, 'classifier__gamma': 10000.0}",0.1108,15,0.1346,0.5935,22,0.612,-0.3224,16,-0.3073,0.6565,13,0.6721
18,"SVC(C=1000.0, gamma=0.0001)",0.01,0.0001,"{'classifier': SVC(C=1000.0, gamma=0.0001), 'classifier__C': 0.01, 'classifier__gamma': 0.0001}",0.1108,15,0.1346,0.5935,22,0.612,-0.3224,16,-0.3073,0.6565,13,0.6721
19,"SVC(C=1000.0, gamma=0.0001)",0.01,0.001,"{'classifier': SVC(C=1000.0, gamma=0.0001), 'classifier__C': 0.01, 'classifier__gamma': 0.001}",0.1108,15,0.1346,0.5935,22,0.612,-0.3224,16,-0.3073,0.6565,13,0.6721
20,"SVC(C=1000.0, gamma=0.0001)",0.01,0.01,"{'classifier': SVC(C=1000.0, gamma=0.0001), 'classifier__C': 0.01, 'classifier__gamma': 0.01}",0.1108,15,0.1346,0.5935,22,0.612,-0.3224,16,-0.3073,0.6565,13,0.6721
21,"SVC(C=1000.0, gamma=0.0001)",0.01,0.1,"{'classifier': SVC(C=1000.0, gamma=0.0001), 'classifier__C': 0.01, 'classifier__gamma': 0.1}",0.1108,15,0.1346,0.5935,22,0.612,-0.3224,16,-0.3073,0.6565,13,0.6721
22,"SVC(C=1000.0, gamma=0.0001)",0.01,1.0,"{'classifier': SVC(C=1000.0, gamma=0.0001), 'classifier__C': 0.01, 'classifier__gamma': 1.0}",0.1108,15,0.1346,0.5935,22,0.612,-0.3224,16,-0.3073,0.6565,13,0.6721
23,"SVC(C=1000.0, gamma=0.0001)",0.01,10.0,"{'classifier': SVC(C=1000.0, gamma=0.0001), 'classifier__C': 0.01, 'classifier__gamma': 10.0}",0.1108,15,0.1346,0.5935,22,0.612,-0.3224,16,-0.3073,0.6565,13,0.6721
24,"SVC(C=1000.0, gamma=0.0001)",0.01,100.0,"{'classifier': SVC(C=1000.0, gamma=0.0001), 'classifier__C': 0.01, 'classifier__gamma': 100.0}",0.1108,15,0.1346,0.5935,22,0.612,-0.3224,16,-0.3073,0.6565,13,0.6721
25,"SVC(C=1000.0, gamma=0.0001)",0.01,1000.0,"{'classifier': SVC(C=1000.0, gamma=0.0001), 'classifier__C': 0.01, 'classifier__gamma': 1000.0}",0.1108,15,0.1346,0.5935,22,0.612,-0.3224,16,-0.3073,0.6565,13,0.6721
26,"SVC(C=1000.0, gamma=0.0001)",0.01,10000.0,"{'classifier': SVC(C=1000.0, gamma=0.0001), 'classifier__C': 0.01, 'classifier__gamma': 10000.0}",0.1108,15,0.1346,0.5935,22,0.612,-0.3224,16,-0.3073,0.6565,13,0.6721
27,"SVC(C=1000.0, gamma=0.0001)",0.1,0.0001,"{'classifier': SVC(C=1000.0, gamma=0.0001), 'classifier__C': 0.1, 'classifier__gamma': 0.0001}",0.1108,15,0.1346,0.5935,22,0.612,-0.3224,16,-0.3073,0.6565,13,0.6721
28,"SVC(C=1000.0, gamma=0.0001)",0.1,0.001,"{'classifier': SVC(C=1000.0, gamma=0.0001), 'classifier__C': 0.1, 'classifier__gamma': 0.001}",0.1108,15,0.1346,0.5935,22,0.612,-0.3224,16,-0.3073,0.6565,13,0.6721
29,"SVC(C=1000.0, gamma=0.0001)",0.1,0.01,"{'classifier': SVC(C=1000.0, gamma=0.0001), 'classifier__C': 0.1, 'classifier__gamma': 0.01}",0.1108,15,0.1346,0.5935,22,0.612,-0.3224,16,-0.3073,0.6565,13,0.6721
30,"SVC(C=1000.0, gamma=0.0001)",0.1,0.1,"{'classifier': SVC(C=1000.0, gamma=0.0001), 'classifier__C': 0.1, 'classifier__gamma': 0.1}",0.1108,15,0.1365,0.5943,21,0.6148,-0.322,15,-0.3054,0.6569,12,0.6739
31,"SVC(C=1000.0, gamma=0.0001)",0.1,1.0,"{'classifier': SVC(C=1000.0, gamma=0.0001), 'classifier__C': 0.1, 'classifier__gamma': 1.0}",0.1108,15,0.1346,0.5935,22,0.612,-0.3224,16,-0.3073,0.6565,13,0.6721
32,"SVC(C=1000.0, gamma=0.0001)",0.1,10.0,"{'classifier': SVC(C=1000.0, gamma=0.0001), 'classifier__C': 0.1, 'classifier__gamma': 10.0}",0.1108,15,0.1346,0.5935,22,0.612,-0.3224,16,-0.3073,0.6565,13,0.6721
33,"SVC(C=1000.0, gamma=0.0001)",0.1,100.0,"{'classifier': SVC(C=1000.0, gamma=0.0001), 'classifier__C': 0.1, 'classifier__gamma': 100.0}",0.1108,15,0.1346,0.5935,22,0.612,-0.3224,16,-0.3073,0.6565,13,0.6721
34,"SVC(C=1000.0, gamma=0.0001)",0.1,1000.0,"{'classifier': SVC(C=1000.0, gamma=0.0001), 'classifier__C': 0.1, 'classifier__gamma': 1000.0}",0.1108,15,0.1346,0.5935,22,0.612,-0.3224,16,-0.3073,0.6565,13,0.6721
35,"SVC(C=1000.0, gamma=0.0001)",0.1,10000.0,"{'classifier': SVC(C=1000.0, gamma=0.0001), 'classifier__C': 0.1, 'classifier__gamma': 10000.0}",0.1108,15,0.1346,0.5935,22,0.612,-0.3224,16,-0.3073,0.6565,13,0.6721
36,"SVC(C=1000.0, gamma=0.0001)",1.0,0.0001,"{'classifier': SVC(C=1000.0, gamma=0.0001), 'classifier__C': 1.0, 'classifier__gamma': 0.0001}",0.1108,15,0.1346,0.5935,22,0.612,-0.3224,16,-0.3073,0.6565,13,0.6721
37,"SVC(C=1000.0, gamma=0.0001)",1.0,0.001,"{'classifier': SVC(C=1000.0, gamma=0.0001), 'classifier__C': 1.0, 'classifier__gamma': 0.001}",0.1108,15,0.1346,0.5935,22,0.612,-0.3224,16,-0.3073,0.6565,13,0.6721
38,"SVC(C=1000.0, gamma=0.0001)",1.0,0.01,"{'classifier': SVC(C=1000.0, gamma=0.0001), 'classifier__C': 1.0, 'classifier__gamma': 0.01}",0.1325,4,0.153,0.6287,7,0.6566,-0.3047,6,-0.2841,0.6628,2,0.6843
39,"SVC(C=1000.0, gamma=0.0001)",1.0,0.1,"{'classifier': SVC(C=1000.0, gamma=0.0001), 'classifier__C': 1.0, 'classifier__gamma': 0.1}",0.118,13,0.4794,0.6468,5,0.851,-0.3016,4,-0.1279,0.6551,71,0.8529
40,"SVC(C=1000.0, gamma=0.0001)",1.0,1.0,"{'classifier': SVC(C=1000.0, gamma=0.0001), 'classifier__C': 1.0, 'classifier__gamma': 1.0}",0.1132,14,0.9976,0.5958,20,0.9995,-0.32,14,-0.0004,0.6594,11,0.9991
41,"SVC(C=1000.0, gamma=0.0001)",1.0,10.0,"{'classifier': SVC(C=1000.0, gamma=0.0001), 'classifier__C': 1.0, 'classifier__gamma': 10.0}",0.1108,15,0.9976,0.5935,22,0.9995,-0.3224,16,-0.0004,0.6565,13,0.9991
42,"SVC(C=1000.0, gamma=0.0001)",1.0,100.0,"{'classifier': SVC(C=1000.0, gamma=0.0001), 'classifier__C': 1.0, 'classifier__gamma': 100.0}",0.1108,15,0.9976,0.5935,22,0.9995,-0.3224,16,-0.0004,0.6565,13,0.9991
43,"SVC(C=1000.0, gamma=0.0001)",1.0,1000.0,"{'classifier': SVC(C=1000.0, gamma=0.0001), 'classifier__C': 1.0, 'classifier__gamma': 1000.0}",0.1108,15,0.9976,0.5935,22,0.9995,-0.3224,16,-0.0004,0.6565,13,0.9991
44,"SVC(C=1000.0, gamma=0.0001)",1.0,10000.0,"{'classifier': SVC(C=1000.0, gamma=0.0001), 'classifier__C': 1.0, 'classifier__gamma': 10000.0}",0.1108,15,0.9976,0.5935,22,0.9995,-0.3224,16,-0.0004,0.6565,13,0.9991
45,"SVC(C=1000.0, gamma=0.0001)",10.0,0.0001,"{'classifier': SVC(C=1000.0, gamma=0.0001), 'classifier__C': 10.0, 'classifier__gamma': 0.0001}",0.1108,15,0.1346,0.5935,22,0.612,-0.3224,16,-0.3073,0.6565,13,0.6721
46,"SVC(C=1000.0, gamma=0.0001)",10.0,0.001,"{'classifier': SVC(C=1000.0, gamma=0.0001), 'classifier__C': 10.0, 'classifier__gamma': 0.001}",0.1326,3,0.1555,0.628,8,0.6595,-0.3051,7,-0.2807,0.6628,3,0.6898
47,"SVC(C=1000.0, gamma=0.0001)",10.0,0.01,"{'classifier': SVC(C=1000.0, gamma=0.0001), 'classifier__C': 10.0, 'classifier__gamma': 0.01}",0.1322,5,0.2722,0.661,3,0.755,-0.2928,3,-0.2133,0.6607,6,0.7465
48,"SVC(C=1000.0, gamma=0.0001)",10.0,0.1,"{'classifier': SVC(C=1000.0, gamma=0.0001), 'classifier__C': 10.0, 'classifier__gamma': 0.1}",0.0914,76,0.9976,0.6112,13,0.9995,-0.3336,78,-0.0004,0.6138,78,0.9991
49,"SVC(C=1000.0, gamma=0.0001)",10.0,1.0,"{'classifier': SVC(C=1000.0, gamma=0.0001), 'classifier__C': 10.0, 'classifier__gamma': 1.0}",0.1206,8,0.9976,0.5963,16,0.9995,-0.3192,10,-0.0004,0.6598,7,0.9991
50,"SVC(C=1000.0, gamma=0.0001)",10.0,10.0,"{'classifier': SVC(C=1000.0, gamma=0.0001), 'classifier__C': 10.0, 'classifier__gamma': 10.0}",0.1108,15,0.9976,0.5935,22,0.9995,-0.3224,16,-0.0004,0.6565,13,0.9991
51,"SVC(C=1000.0, gamma=0.0001)",10.0,100.0,"{'classifier': SVC(C=1000.0, gamma=0.0001), 'classifier__C': 10.0, 'classifier__gamma': 100.0}",0.1108,15,0.9976,0.5935,22,0.9995,-0.3224,16,-0.0004,0.6565,13,0.9991
52,"SVC(C=1000.0, gamma=0.0001)",10.0,1000.0,"{'classifier': SVC(C=1000.0, gamma=0.0001), 'classifier__C': 10.0, 'classifier__gamma': 1000.0}",0.1108,15,0.9976,0.5935,22,0.9995,-0.3224,16,-0.0004,0.6565,13,0.9991
53,"SVC(C=1000.0, gamma=0.0001)",10.0,10000.0,"{'classifier': SVC(C=1000.0, gamma=0.0001), 'classifier__C': 10.0, 'classifier__gamma': 10000.0}",0.1108,15,0.9976,0.5935,22,0.9995,-0.3224,16,-0.0004,0.6565,13,0.9991
54,"SVC(C=1000.0, gamma=0.0001)",100.0,0.0001,"{'classifier': SVC(C=1000.0, gamma=0.0001), 'classifier__C': 100.0, 'classifier__gamma': 0.0001}",0.1302,6,0.156,0.6276,9,0.6599,-0.3051,7,-0.2802,0.6635,1,0.6906
55,"SVC(C=1000.0, gamma=0.0001)",100.0,0.001,"{'classifier': SVC(C=1000.0, gamma=0.0001), 'classifier__C': 100.0, 'classifier__gamma': 0.001}",0.1467,1,0.2369,0.6648,2,0.7305,-0.2908,2,-0.2351,0.6612,5,0.7207
56,"SVC(C=1000.0, gamma=0.0001)",100.0,0.01,"{'classifier': SVC(C=1000.0, gamma=0.0001), 'classifier__C': 100.0, 'classifier__gamma': 0.01}",0.0915,74,0.7524,0.6094,14,0.9363,-0.3329,77,-0.0544,0.6172,74,0.9443
57,"SVC(C=1000.0, gamma=0.0001)",100.0,0.1,"{'classifier': SVC(C=1000.0, gamma=0.0001), 'classifier__C': 100.0, 'classifier__gamma': 0.1}",0.0914,76,0.9976,0.6124,10,0.9995,-0.3324,74,-0.0004,0.6151,75,0.9991
58,"SVC(C=1000.0, gamma=0.0001)",100.0,1.0,"{'classifier': SVC(C=1000.0, gamma=0.0001), 'classifier__C': 100.0, 'classifier__gamma': 1.0}",0.1206,8,0.9976,0.5963,16,0.9995,-0.3192,10,-0.0004,0.6598,7,0.9991
59,"SVC(C=1000.0, gamma=0.0001)",100.0,10.0,"{'classifier': SVC(C=1000.0, gamma=0.0001), 'classifier__C': 100.0, 'classifier__gamma': 10.0}",0.1108,15,0.9976,0.5935,22,0.9995,-0.3224,16,-0.0004,0.6565,13,0.9991
60,"SVC(C=1000.0, gamma=0.0001)",100.0,100.0,"{'classifier': SVC(C=1000.0, gamma=0.0001), 'classifier__C': 100.0, 'classifier__gamma': 100.0}",0.1108,15,0.9976,0.5935,22,0.9995,-0.3224,16,-0.0004,0.6565,13,0.9991
61,"SVC(C=1000.0, gamma=0.0001)",100.0,1000.0,"{'classifier': SVC(C=1000.0, gamma=0.0001), 'classifier__C': 100.0, 'classifier__gamma': 1000.0}",0.1108,15,0.9976,0.5935,22,0.9995,-0.3224,16,-0.0004,0.6565,13,0.9991
62,"SVC(C=1000.0, gamma=0.0001)",100.0,10000.0,"{'classifier': SVC(C=1000.0, gamma=0.0001), 'classifier__C': 100.0, 'classifier__gamma': 10000.0}",0.1108,15,0.9976,0.5935,22,0.9995,-0.3224,16,-0.0004,0.6565,13,0.9991
63,"SVC(C=1000.0, gamma=0.0001)",1000.0,0.0001,"{'classifier': SVC(C=1000.0, gamma=0.0001), 'classifier__C': 1000.0, 'classifier__gamma': 0.0001}",0.1443,2,0.2332,0.6653,1,0.7279,-0.2908,1,-0.2375,0.6612,4,0.7178
64,"SVC(C=1000.0, gamma=0.0001)",1000.0,0.001,"{'classifier': SVC(C=1000.0, gamma=0.0001), 'classifier__C': 1000.0, 'classifier__gamma': 0.001}",0.1202,12,0.2917,0.6457,6,0.7732,-0.3076,9,-0.1969,0.6442,73,0.7663
65,"SVC(C=1000.0, gamma=0.0001)",1000.0,0.01,"{'classifier': SVC(C=1000.0, gamma=0.0001), 'classifier__C': 1000.0, 'classifier__gamma': 0.01}",0.063,80,0.9976,0.5664,81,0.9995,-0.3736,81,-0.0004,0.5661,81,0.9991
66,"SVC(C=1000.0, gamma=0.0001)",1000.0,0.1,"{'classifier': SVC(C=1000.0, gamma=0.0001), 'classifier__C': 1000.0, 'classifier__gamma': 0.1}",0.0914,76,0.9976,0.6124,10,0.9995,-0.3324,74,-0.0004,0.6151,75,0.9991
67,"SVC(C=1000.0, gamma=0.0001)",1000.0,1.0,"{'classifier': SVC(C=1000.0, gamma=0.0001), 'classifier__C': 1000.0, 'classifier__gamma': 1.0}",0.1206,8,0.9976,0.5963,16,0.9995,-0.3192,10,-0.0004,0.6598,7,0.9991
68,"SVC(C=1000.0, gamma=0.0001)",1000.0,10.0,"{'classifier': SVC(C=1000.0, gamma=0.0001), 'classifier__C': 1000.0, 'classifier__gamma': 10.0}",0.1108,15,0.9976,0.5935,22,0.9995,-0.3224,16,-0.0004,0.6565,13,0.9991
69,"SVC(C=1000.0, gamma=0.0001)",1000.0,100.0,"{'classifier': SVC(C=1000.0, gamma=0.0001), 'classifier__C': 1000.0, 'classifier__gamma': 100.0}",0.1108,15,0.9976,0.5935,22,0.9995,-0.3224,16,-0.0004,0.6565,13,0.9991
70,"SVC(C=1000.0, gamma=0.0001)",1000.0,1000.0,"{'classifier': SVC(C=1000.0, gamma=0.0001), 'classifier__C': 1000.0, 'classifier__gamma': 1000.0}",0.1108,15,0.9976,0.5935,22,0.9995,-0.3224,16,-0.0004,0.6565,13,0.9991
71,"SVC(C=1000.0, gamma=0.0001)",1000.0,10000.0,"{'classifier': SVC(C=1000.0, gamma=0.0001), 'classifier__C': 1000.0, 'classifier__gamma': 10000.0}",0.1108,15,0.9976,0.5935,22,0.9995,-0.3224,16,-0.0004,0.6565,13,0.9991
72,"SVC(C=1000.0, gamma=0.0001)",10000.0,0.0001,"{'classifier': SVC(C=1000.0, gamma=0.0001), 'classifier__C': 10000.0, 'classifier__gamma': 0.0001}",0.125,7,0.2438,0.6505,4,0.7463,-0.3032,5,-0.2204,0.6482,72,0.7395
73,"SVC(C=1000.0, gamma=0.0001)",10000.0,0.001,"{'classifier': SVC(C=1000.0, gamma=0.0001), 'classifier__C': 10000.0, 'classifier__gamma': 0.001}",0.0915,74,0.765,0.6077,15,0.9399,-0.3372,79,-0.0513,0.6102,79,0.9477
74,"SVC(C=1000.0, gamma=0.0001)",10000.0,0.01,"{'classifier': SVC(C=1000.0, gamma=0.0001), 'classifier__C': 10000.0, 'classifier__gamma': 0.01}",0.063,80,0.9976,0.5666,80,0.9995,-0.3732,80,-0.0004,0.5665,80,0.9991
75,"SVC(C=1000.0, gamma=0.0001)",10000.0,0.1,"{'classifier': SVC(C=1000.0, gamma=0.0001), 'classifier__C': 10000.0, 'classifier__gamma': 0.1}",0.0914,76,0.9976,0.6124,10,0.9995,-0.3324,74,-0.0004,0.6151,75,0.9991
76,"SVC(C=1000.0, gamma=0.0001)",10000.0,1.0,"{'classifier': SVC(C=1000.0, gamma=0.0001), 'classifier__C': 10000.0, 'classifier__gamma': 1.0}",0.1206,8,0.9976,0.5963,16,0.9995,-0.3192,10,-0.0004,0.6598,7,0.9991
77,"SVC(C=1000.0, gamma=0.0001)",10000.0,10.0,"{'classifier': SVC(C=1000.0, gamma=0.0001), 'classifier__C': 10000.0, 'classifier__gamma': 10.0}",0.1108,15,0.9976,0.5935,22,0.9995,-0.3224,16,-0.0004,0.6565,13,0.9991
78,"SVC(C=1000.0, gamma=0.0001)",10000.0,100.0,"{'classifier': SVC(C=1000.0, gamma=0.0001), 'classifier__C': 10000.0, 'classifier__gamma': 100.0}",0.1108,15,0.9976,0.5935,22,0.9995,-0.3224,16,-0.0004,0.6565,13,0.9991
79,"SVC(C=1000.0, gamma=0.0001)",10000.0,1000.0,"{'classifier': SVC(C=1000.0, gamma=0.0001), 'classifier__C': 10000.0, 'classifier__gamma': 1000.0}",0.1108,15,0.9976,0.5935,22,0.9995,-0.3224,16,-0.0004,0.6565,13,0.9991
80,"SVC(C=1000.0, gamma=0.0001)",10000.0,10000.0,"{'classifier': SVC(C=1000.0, gamma=0.0001), 'classifier__C': 10000.0, 'classifier__gamma': 10000.0}",0.1108,15,0.9976,0.5935,22,0.9995,-0.3224,16,-0.0004,0.6565,13,0.9991

,param_classifier,param_classifier__C,param_classifier__gamma,params,mean_test_accuracy,rank_test_accuracy,mean_train_accuracy,mean_test_f1_micro,rank_test_f1_micro,mean_train_f1_micro,mean_test_hamming_loss,rank_test_hamming_loss,mean_train_hamming_loss,mean_test_precision,rank_test_precision,mean_train_precision
0,SVC(gamma=0.1),0.0001,0.0001,"{'classifier': SVC(gamma=0.1), 'classifier__C': 0.0001, 'classifier__gamma': 0.0001}",0.1108,16,0.1346,0.5935,20,0.612,-0.3224,13,-0.3073,0.6565,6,0.6721
1,SVC(gamma=0.1),0.0001,0.001,"{'classifier': SVC(gamma=0.1), 'classifier__C': 0.0001, 'classifier__gamma': 0.001}",0.1108,16,0.1346,0.5935,20,0.612,-0.3224,13,-0.3073,0.6565,6,0.6721
2,SVC(gamma=0.1),0.0001,0.01,"{'classifier': SVC(gamma=0.1), 'classifier__C': 0.0001, 'classifier__gamma': 0.01}",0.1108,16,0.1346,0.5935,20,0.612,-0.3224,13,-0.3073,0.6565,6,0.6721
3,SVC(gamma=0.1),0.0001,0.1,"{'classifier': SVC(gamma=0.1), 'classifier__C': 0.0001, 'classifier__gamma': 0.1}",0.1108,16,0.1346,0.5935,20,0.612,-0.3224,13,-0.3073,0.6565,6,0.6721
4,SVC(gamma=0.1),0.0001,1.0,"{'classifier': SVC(gamma=0.1), 'classifier__C': 0.0001, 'classifier__gamma': 1.0}",0.1108,16,0.1346,0.5935,20,0.612,-0.3224,13,-0.3073,0.6565,6,0.6721
5,SVC(gamma=0.1),0.0001,10.0,"{'classifier': SVC(gamma=0.1), 'classifier__C': 0.0001, 'classifier__gamma': 10.0}",0.1108,16,0.1346,0.5935,20,0.612,-0.3224,13,-0.3073,0.6565,6,0.6721
6,SVC(gamma=0.1),0.0001,100.0,"{'classifier': SVC(gamma=0.1), 'classifier__C': 0.0001, 'classifier__gamma': 100.0}",0.1108,16,0.1346,0.5935,20,0.612,-0.3224,13,-0.3073,0.6565,6,0.6721
7,SVC(gamma=0.1),0.0001,1000.0,"{'classifier': SVC(gamma=0.1), 'classifier__C': 0.0001, 'classifier__gamma': 1000.0}",0.1108,16,0.1346,0.5935,20,0.612,-0.3224,13,-0.3073,0.6565,6,0.6721
8,SVC(gamma=0.1),0.0001,10000.0,"{'classifier': SVC(gamma=0.1), 'classifier__C': 0.0001, 'classifier__gamma': 10000.0}",0.1108,16,0.1346,0.5935,20,0.612,-0.3224,13,-0.3073,0.6565,6,0.6721
9,SVC(gamma=0.1),0.001,0.0001,"{'classifier': SVC(gamma=0.1), 'classifier__C': 0.001, 'classifier__gamma': 0.0001}",0.1108,16,0.1346,0.5935,20,0.612,-0.3224,13,-0.3073,0.6565,6,0.6721
10,SVC(gamma=0.1),0.001,0.001,"{'classifier': SVC(gamma=0.1), 'classifier__C': 0.001, 'classifier__gamma': 0.001}",0.1108,16,0.1346,0.5935,20,0.612,-0.3224,13,-0.3073,0.6565,6,0.6721
11,SVC(gamma=0.1),0.001,0.01,"{'classifier': SVC(gamma=0.1), 'classifier__C': 0.001, 'classifier__gamma': 0.01}",0.1108,16,0.1346,0.5935,20,0.612,-0.3224,13,-0.3073,0.6565,6,0.6721
12,SVC(gamma=0.1),0.001,0.1,"{'classifier': SVC(gamma=0.1), 'classifier__C': 0.001, 'classifier__gamma': 0.1}",0.1108,16,0.1346,0.5935,20,0.612,-0.3224,13,-0.3073,0.6565,6,0.6721
13,SVC(gamma=0.1),0.001,1.0,"{'classifier': SVC(gamma=0.1), 'classifier__C': 0.001, 'classifier__gamma': 1.0}",0.1108,16,0.1346,0.5935,20,0.612,-0.3224,13,-0.3073,0.6565,6,0.6721
14,SVC(gamma=0.1),0.001,10.0,"{'classifier': SVC(gamma=0.1), 'classifier__C': 0.001, 'classifier__gamma': 10.0}",0.1108,16,0.1346,0.5935,20,0.612,-0.3224,13,-0.3073,0.6565,6,0.6721
15,SVC(gamma=0.1),0.001,100.0,"{'classifier': SVC(gamma=0.1), 'classifier__C': 0.001, 'classifier__gamma': 100.0}",0.1108,16,0.1346,0.5935,20,0.612,-0.3224,13,-0.3073,0.6565,6,0.6721
16,SVC(gamma=0.1),0.001,1000.0,"{'classifier': SVC(gamma=0.1), 'classifier__C': 0.001, 'classifier__gamma': 1000.0}",0.1108,16,0.1346,0.5935,20,0.612,-0.3224,13,-0.3073,0.6565,6,0.6721
17,SVC(gamma=0.1),0.001,10000.0,"{'classifier': SVC(gamma=0.1), 'classifier__C': 0.001, 'classifier__gamma': 10000.0}",0.1108,16,0.1346,0.5935,20,0.612,-0.3224,13,-0.3073,0.6565,6,0.6721
18,SVC(gamma=0.1),0.01,0.0001,"{'classifier': SVC(gamma=0.1), 'classifier__C': 0.01, 'classifier__gamma': 0.0001}",0.1108,16,0.1346,0.5935,20,0.612,-0.3224,13,-0.3073,0.6565,6,0.6721
19,SVC(gamma=0.1),0.01,0.001,"{'classifier': SVC(gamma=0.1), 'classifier__C': 0.01, 'classifier__gamma': 0.001}",0.1108,16,0.1346,0.5935,20,0.612,-0.3224,13,-0.3073,0.6565,6,0.6721
20,SVC(gamma=0.1),0.01,0.01,"{'classifier': SVC(gamma=0.1), 'classifier__C': 0.01, 'classifier__gamma': 0.01}",0.1108,16,0.1346,0.5935,20,0.612,-0.3224,13,-0.3073,0.6565,6,0.6721
21,SVC(gamma=0.1),0.01,0.1,"{'classifier': SVC(gamma=0.1), 'classifier__C': 0.01, 'classifier__gamma': 0.1}",0.1108,16,0.1346,0.5935,20,0.612,-0.3224,13,-0.3073,0.6565,6,0.6721
22,SVC(gamma=0.1),0.01,1.0,"{'classifier': SVC(gamma=0.1), 'classifier__C': 0.01, 'classifier__gamma': 1.0}",0.1108,16,0.1346,0.5935,20,0.612,-0.3224,13,-0.3073,0.6565,6,0.6721
23,SVC(gamma=0.1),0.01,10.0,"{'classifier': SVC(gamma=0.1), 'classifier__C': 0.01, 'classifier__gamma': 10.0}",0.1108,16,0.1346,0.5935,20,0.612,-0.3224,13,-0.3073,0.6565,6,0.6721
24,SVC(gamma=0.1),0.01,100.0,"{'classifier': SVC(gamma=0.1), 'classifier__C': 0.01, 'classifier__gamma': 100.0}",0.1108,16,0.1346,0.5935,20,0.612,-0.3224,13,-0.3073,0.6565,6,0.6721
25,SVC(gamma=0.1),0.01,1000.0,"{'classifier': SVC(gamma=0.1), 'classifier__C': 0.01, 'classifier__gamma': 1000.0}",0.1108,16,0.1346,0.5935,20,0.612,-0.3224,13,-0.3073,0.6565,6,0.6721
26,SVC(gamma=0.1),0.01,10000.0,"{'classifier': SVC(gamma=0.1), 'classifier__C': 0.01, 'classifier__gamma': 10000.0}",0.1108,16,0.1346,0.5935,20,0.612,-0.3224,13,-0.3073,0.6565,6,0.6721
27,SVC(gamma=0.1),0.1,0.0001,"{'classifier': SVC(gamma=0.1), 'classifier__C': 0.1, 'classifier__gamma': 0.0001}",0.1108,16,0.1346,0.5935,20,0.612,-0.3224,13,-0.3073,0.6565,6,0.6721
28,SVC(gamma=0.1),0.1,0.001,"{'classifier': SVC(gamma=0.1), 'classifier__C': 0.1, 'classifier__gamma': 0.001}",0.1108,16,0.1346,0.5935,20,0.612,-0.3224,13,-0.3073,0.6565,6,0.6721
29,SVC(gamma=0.1),0.1,0.01,"{'classifier': SVC(gamma=0.1), 'classifier__C': 0.1, 'classifier__gamma': 0.01}",0.1108,16,0.1346,0.5935,20,0.612,-0.3224,13,-0.3073,0.6565,6,0.6721
30,SVC(gamma=0.1),0.1,0.1,"{'classifier': SVC(gamma=0.1), 'classifier__C': 0.1, 'classifier__gamma': 0.1}",0.1108,16,0.1354,0.5935,20,0.6127,-0.3224,13,-0.3068,0.6565,6,0.6726
31,SVC(gamma=0.1),0.1,1.0,"{'classifier': SVC(gamma=0.1), 'classifier__C': 0.1, 'classifier__gamma': 1.0}",0.1108,16,0.1346,0.5935,20,0.612,-0.3224,13,-0.3073,0.6565,6,0.6721
32,SVC(gamma=0.1),0.1,10.0,"{'classifier': SVC(gamma=0.1), 'classifier__C': 0.1, 'classifier__gamma': 10.0}",0.1108,16,0.1346,0.5935,20,0.612,-0.3224,13,-0.3073,0.6565,6,0.6721
33,SVC(gamma=0.1),0.1,100.0,"{'classifier': SVC(gamma=0.1), 'classifier__C': 0.1, 'classifier__gamma': 100.0}",0.1108,16,0.1346,0.5935,20,0.612,-0.3224,13,-0.3073,0.6565,6,0.6721
34,SVC(gamma=0.1),0.1,1000.0,"{'classifier': SVC(gamma=0.1), 'classifier__C': 0.1, 'classifier__gamma': 1000.0}",0.1108,16,0.1346,0.5935,20,0.612,-0.3224,13,-0.3073,0.6565,6,0.6721
35,SVC(gamma=0.1),0.1,10000.0,"{'classifier': SVC(gamma=0.1), 'classifier__C': 0.1, 'classifier__gamma': 10000.0}",0.1108,16,0.1346,0.5935,20,0.612,-0.3224,13,-0.3073,0.6565,6,0.6721
36,SVC(gamma=0.1),1.0,0.0001,"{'classifier': SVC(gamma=0.1), 'classifier__C': 1.0, 'classifier__gamma': 0.0001}",0.1108,16,0.1346,0.5935,20,0.612,-0.3224,13,-0.3073,0.6565,6,0.6721
37,SVC(gamma=0.1),1.0,0.001,"{'classifier': SVC(gamma=0.1), 'classifier__C': 1.0, 'classifier__gamma': 0.001}",0.1108,16,0.1346,0.5935,20,0.612,-0.3224,13,-0.3073,0.6565,6,0.6721
38,SVC(gamma=0.1),1.0,0.01,"{'classifier': SVC(gamma=0.1), 'classifier__C': 1.0, 'classifier__gamma': 0.01}",0.1373,1,0.1894,0.6385,7,0.6802,-0.3051,3,-0.272,0.6551,65,0.6879
39,SVC(gamma=0.1),1.0,0.1,"{'classifier': SVC(gamma=0.1), 'classifier__C': 1.0, 'classifier__gamma': 0.1}",0.137,3,0.582,0.6564,1,0.8726,-0.3037,1,-0.111,0.6414,68,0.8615
40,SVC(gamma=0.1),1.0,1.0,"{'classifier': SVC(gamma=0.1), 'classifier__C': 1.0, 'classifier__gamma': 1.0}",0.1132,11,0.9976,0.595,14,0.9995,-0.3204,8,-0.0004,0.659,1,0.9991
41,SVC(gamma=0.1),1.0,10.0,"{'classifier': SVC(gamma=0.1), 'classifier__C': 1.0, 'classifier__gamma': 10.0}",0.1108,16,0.9976,0.5935,20,0.9995,-0.3224,13,-0.0004,0.6565,6,0.9991
42,SVC(gamma=0.1),1.0,100.0,"{'classifier': SVC(gamma=0.1), 'classifier__C': 1.0, 'classifier__gamma': 100.0}",0.1108,16,0.9976,0.5935,20,0.9995,-0.3224,13,-0.0004,0.6565,6,0.9991
43,SVC(gamma=0.1),1.0,1000.0,"{'classifier': SVC(gamma=0.1), 'classifier__C': 1.0, 'classifier__gamma': 1000.0}",0.1108,16,0.9976,0.5935,20,0.9995,-0.3224,13,-0.0004,0.6565,6,0.9991
44,SVC(gamma=0.1),1.0,10000.0,"{'classifier': SVC(gamma=0.1), 'classifier__C': 1.0, 'classifier__gamma': 10000.0}",0.1108,16,0.9976,0.5935,20,0.9995,-0.3224,13,-0.0004,0.6565,6,0.9991
45,SVC(gamma=0.1),10.0,0.0001,"{'classifier': SVC(gamma=0.1), 'classifier__C': 10.0, 'classifier__gamma': 0.0001}",0.1108,16,0.1346,0.5935,20,0.612,-0.3224,13,-0.3073,0.6565,6,0.6721
46,SVC(gamma=0.1),10.0,0.001,"{'classifier': SVC(gamma=0.1), 'classifier__C': 10.0, 'classifier__gamma': 0.001}",0.1348,7,0.2086,0.6436,6,0.6944,-0.3064,4,-0.2643,0.6472,67,0.6908
47,SVC(gamma=0.1),10.0,0.01,"{'classifier': SVC(gamma=0.1), 'classifier__C': 10.0, 'classifier__gamma': 0.01}",0.1346,8,0.3227,0.65,4,0.7625,-0.3097,7,-0.2112,0.6358,69,0.7388
48,SVC(gamma=0.1),10.0,0.1,"{'classifier': SVC(gamma=0.1), 'classifier__C': 10.0, 'classifier__gamma': 0.1}",0.1107,75,0.9976,0.6043,10,0.9995,-0.342,74,-0.0004,0.6024,74,0.9991
49,SVC(gamma=0.1),10.0,1.0,"{'classifier': SVC(gamma=0.1), 'classifier__C': 10.0, 'classifier__gamma': 1.0}",0.1132,11,0.9976,0.595,14,0.9995,-0.3204,8,-0.0004,0.659,1,0.9991
50,SVC(gamma=0.1),10.0,10.0,"{'classifier': SVC(gamma=0.1), 'classifier__C': 10.0, 'classifier__gamma': 10.0}",0.1108,16,0.9976,0.5935,20,0.9995,-0.3224,13,-0.0004,0.6565,6,0.9991
51,SVC(gamma=0.1),10.0,100.0,"{'classifier': SVC(gamma=0.1), 'classifier__C': 10.0, 'classifier__gamma': 100.0}",0.1108,16,0.9976,0.5935,20,0.9995,-0.3224,13,-0.0004,0.6565,6,0.9991
52,SVC(gamma=0.1),10.0,1000.0,"{'classifier': SVC(gamma=0.1), 'classifier__C': 10.0, 'classifier__gamma': 1000.0}",0.1108,16,0.9976,0.5935,20,0.9995,-0.3224,13,-0.0004,0.6565,6,0.9991
53,SVC(gamma=0.1),10.0,10000.0,"{'classifier': SVC(gamma=0.1), 'classifier__C': 10.0, 'classifier__gamma': 10000.0}",0.1108,16,0.9976,0.5935,20,0.9995,-0.3224,13,-0.0004,0.6565,6,0.9991
54,SVC(gamma=0.1),100.0,0.0001,"{'classifier': SVC(gamma=0.1), 'classifier__C': 100.0, 'classifier__gamma': 0.0001}",0.1372,2,0.2121,0.6467,5,0.6962,-0.304,2,-0.263,0.6501,66,0.6918
55,SVC(gamma=0.1),100.0,0.001,"{'classifier': SVC(gamma=0.1), 'classifier__C': 100.0, 'classifier__gamma': 0.001}",0.1349,6,0.2682,0.6544,3,0.7356,-0.3076,5,-0.2367,0.635,70,0.7081
56,SVC(gamma=0.1),100.0,0.01,"{'classifier': SVC(gamma=0.1), 'classifier__C': 100.0, 'classifier__gamma': 0.01}",0.1156,10,0.8146,0.5949,19,0.9457,-0.3452,78,-0.0463,0.6008,78,0.953
57,SVC(gamma=0.1),100.0,0.1,"{'classifier': SVC(gamma=0.1), 'classifier__C': 100.0, 'classifier__gamma': 0.1}",0.1107,75,0.9976,0.6043,10,0.9995,-0.342,74,-0.0004,0.6024,74,0.9991
58,SVC(gamma=0.1),100.0,1.0,"{'classifier': SVC(gamma=0.1), 'classifier__C': 100.0, 'classifier__gamma': 1.0}",0.1132,11,0.9976,0.595,14,0.9995,-0.3204,8,-0.0004,0.659,1,0.9991
59,SVC(gamma=0.1),100.0,10.0,"{'classifier': SVC(gamma=0.1), 'classifier__C': 100.0, 'classifier__gamma': 10.0}",0.1108,16,0.9976,0.5935,20,0.9995,-0.3224,13,-0.0004,0.6565,6,0.9991
60,SVC(gamma=0.1),100.0,100.0,"{'classifier': SVC(gamma=0.1), 'classifier__C': 100.0, 'classifier__gamma': 100.0}",0.1108,16,0.9976,0.5935,20,0.9995,-0.3224,13,-0.0004,0.6565,6,0.9991
61,SVC(gamma=0.1),100.0,1000.0,"{'classifier': SVC(gamma=0.1), 'classifier__C': 100.0, 'classifier__gamma': 1000.0}",0.1108,16,0.9976,0.5935,20,0.9995,-0.3224,13,-0.0004,0.6565,6,0.9991
62,SVC(gamma=0.1),100.0,10000.0,"{'classifier': SVC(gamma=0.1), 'classifier__C': 100.0, 'classifier__gamma': 10000.0}",0.1108,16,0.9976,0.5935,20,0.9995,-0.3224,13,-0.0004,0.6565,6,0.9991
63,SVC(gamma=0.1),1000.0,0.0001,"{'classifier': SVC(gamma=0.1), 'classifier__C': 1000.0, 'classifier__gamma': 0.0001}",0.1325,9,0.2631,0.655,2,0.7321,-0.3076,5,-0.2399,0.6344,71,0.7046
64,SVC(gamma=0.1),1000.0,0.001,"{'classifier': SVC(gamma=0.1), 'classifier__C': 1000.0, 'classifier__gamma': 0.001}",0.137,3,0.3632,0.6158,9,0.7811,-0.3341,73,-0.192,0.6132,73,0.7664
65,SVC(gamma=0.1),1000.0,0.01,"{'classifier': SVC(gamma=0.1), 'classifier__C': 1000.0, 'classifier__gamma': 0.01}",0.0988,80,0.9976,0.5644,80,0.9995,-0.3755,80,-0.0004,0.5636,80,0.9991
66,SVC(gamma=0.1),1000.0,0.1,"{'classifier': SVC(gamma=0.1), 'classifier__C': 1000.0, 'classifier__gamma': 0.1}",0.1107,75,0.9976,0.6043,10,0.9995,-0.342,74,-0.0004,0.6024,74,0.9991
67,SVC(gamma=0.1),1000.0,1.0,"{'classifier': SVC(gamma=0.1), 'classifier__C': 1000.0, 'classifier__gamma': 1.0}",0.1132,11,0.9976,0.595,14,0.9995,-0.3204,8,-0.0004,0.659,1,0.9991
68,SVC(gamma=0.1),1000.0,10.0,"{'classifier': SVC(gamma=0.1), 'classifier__C': 1000.0, 'classifier__gamma': 10.0}",0.1108,16,0.9976,0.5935,20,0.9995,-0.3224,13,-0.0004,0.6565,6,0.9991
69,SVC(gamma=0.1),1000.0,100.0,"{'classifier': SVC(gamma=0.1), 'classifier__C': 1000.0, 'classifier__gamma': 100.0}",0.1108,16,0.9976,0.5935,20,0.9995,-0.3224,13,-0.0004,0.6565,6,0.9991
70,SVC(gamma=0.1),1000.0,1000.0,"{'classifier': SVC(gamma=0.1), 'classifier__C': 1000.0, 'classifier__gamma': 1000.0}",0.1108,16,0.9976,0.5935,20,0.9995,-0.3224,13,-0.0004,0.6565,6,0.9991
71,SVC(gamma=0.1),1000.0,10000.0,"{'classifier': SVC(gamma=0.1), 'classifier__C': 1000.0, 'classifier__gamma': 10000.0}",0.1108,16,0.9976,0.5935,20,0.9995,-0.3224,13,-0.0004,0.6565,6,0.9991
72,SVC(gamma=0.1),10000.0,0.0001,"{'classifier': SVC(gamma=0.1), 'classifier__C': 10000.0, 'classifier__gamma': 0.0001}",0.135,5,0.3005,0.6212,8,0.7501,-0.3307,72,-0.2202,0.6161,72,0.7329
73,SVC(gamma=0.1),10000.0,0.001,"{'classifier': SVC(gamma=0.1), 'classifier__C': 10000.0, 'classifier__gamma': 0.001}",0.1083,79,0.8219,0.5849,79,0.9474,-0.358,79,-0.045,0.5831,79,0.9526
74,SVC(gamma=0.1),10000.0,0.01,"{'classifier': SVC(gamma=0.1), 'classifier__C': 10000.0, 'classifier__gamma': 0.01}",0.0988,80,0.9976,0.5644,80,0.9995,-0.3755,80,-0.0004,0.5636,80,0.9991
75,SVC(gamma=0.1),10000.0,0.1,"{'classifier': SVC(gamma=0.1), 'classifier__C': 10000.0, 'classifier__gamma': 0.1}",0.1107,75,0.9976,0.6043,10,0.9995,-0.342,74,-0.0004,0.6024,74,0.9991
76,SVC(gamma=0.1),10000.0,1.0,"{'classifier': SVC(gamma=0.1), 'classifier__C': 10000.0, 'classifier__gamma': 1.0}",0.1132,11,0.9976,0.595,14,0.9995,-0.3204,8,-0.0004,0.659,1,0.9991
77,SVC(gamma=0.1),10000.0,10.0,"{'classifier': SVC(gamma=0.1), 'classifier__C': 10000.0, 'classifier__gamma': 10.0}",0.1108,16,0.9976,0.5935,20,0.9995,-0.3224,13,-0.0004,0.6565,6,0.9991
78,SVC(gamma=0.1),10000.0,100.0,"{'classifier': SVC(gamma=0.1), 'classifier__C': 10000.0, 'classifier__gamma': 100.0}",0.1108,16,0.9976,0.5935,20,0.9995,-0.3224,13,-0.0004,0.6565,6,0.9991
79,SVC(gamma=0.1),10000.0,1000.0,"{'classifier': SVC(gamma=0.1), 'classifier__C': 10000.0, 'classifier__gamma': 1000.0}",0.1108,16,0.9976,0.5935,20,0.9995,-0.3224,13,-0.0004,0.6565,6,0.9991
80,SVC(gamma=0.1),10000.0,10000.0,"{'classifier': SVC(gamma=0.1), 'classifier__C': 10000.0, 'classifier__gamma': 10000.0}",0.1108,16,0.9976,0.5935,20,0.9995,-0.3224,13,-0.0004,0.6565,6,0.9991

,param_classifier,param_classifier__C,param_classifier__gamma,params,mean_test_accuracy,rank_test_accuracy,mean_train_accuracy,mean_test_f1_micro,rank_test_f1_micro,mean_train_f1_micro,mean_test_hamming_loss,rank_test_hamming_loss,mean_train_hamming_loss,mean_test_precision,rank_test_precision,mean_train_precision
0,"SVC(C=10.0, gamma=0.001)",0.0001,0.0001,"{'classifier': SVC(C=10.0, gamma=0.001), 'classifier__C': 0.0001, 'classifier__gamma': 0.0001}",0.1178,21,0.1557,0.6454,28,0.6636,-0.3527,18,-0.336,0.5885,18,0.592
1,"SVC(C=10.0, gamma=0.001)",0.0001,0.001,"{'classifier': SVC(C=10.0, gamma=0.001), 'classifier__C': 0.0001, 'classifier__gamma': 0.001}",0.1178,21,0.1557,0.6454,28,0.6636,-0.3527,18,-0.336,0.5885,18,0.592
2,"SVC(C=10.0, gamma=0.001)",0.0001,0.01,"{'classifier': SVC(C=10.0, gamma=0.001), 'classifier__C': 0.0001, 'classifier__gamma': 0.01}",0.1178,21,0.156,0.6457,24,0.664,-0.3527,18,-0.3359,0.5881,29,0.5919
3,"SVC(C=10.0, gamma=0.001)",0.0001,0.1,"{'classifier': SVC(C=10.0, gamma=0.001), 'classifier__C': 0.0001, 'classifier__gamma': 0.1}",0.1202,15,0.1573,0.6499,14,0.6656,-0.3527,18,-0.3365,0.5838,60,0.5899
4,"SVC(C=10.0, gamma=0.001)",0.0001,1.0,"{'classifier': SVC(C=10.0, gamma=0.001), 'classifier__C': 0.0001, 'classifier__gamma': 1.0}",0.1154,40,0.1637,0.6519,4,0.6678,-0.3542,41,-0.3359,0.5797,72,0.5895
5,"SVC(C=10.0, gamma=0.001)",0.0001,10.0,"{'classifier': SVC(C=10.0, gamma=0.001), 'classifier__C': 0.0001, 'classifier__gamma': 10.0}",0.113,51,0.1637,0.6415,39,0.6668,-0.3566,79,-0.333,0.583,64,0.5953
6,"SVC(C=10.0, gamma=0.001)",0.0001,100.0,"{'classifier': SVC(C=10.0, gamma=0.001), 'classifier__C': 0.0001, 'classifier__gamma': 100.0}",0.1106,54,0.1637,0.6383,42,0.6656,-0.3558,52,-0.3313,0.5879,33,0.601
7,"SVC(C=10.0, gamma=0.001)",0.0001,1000.0,"{'classifier': SVC(C=10.0, gamma=0.001), 'classifier__C': 0.0001, 'classifier__gamma': 1000.0}",0.1106,54,0.1637,0.6383,42,0.6655,-0.3558,52,-0.331,0.5879,33,0.6019
8,"SVC(C=10.0, gamma=0.001)",0.0001,10000.0,"{'classifier': SVC(C=10.0, gamma=0.001), 'classifier__C': 0.0001, 'classifier__gamma': 10000.0}",0.1106,54,0.1637,0.6383,42,0.6655,-0.3558,52,-0.331,0.5879,33,0.6019
9,"SVC(C=10.0, gamma=0.001)",0.001,0.0001,"{'classifier': SVC(C=10.0, gamma=0.001), 'classifier__C': 0.001, 'classifier__gamma': 0.0001}",0.1178,21,0.1557,0.6454,28,0.6636,-0.3527,18,-0.336,0.5885,18,0.592
10,"SVC(C=10.0, gamma=0.001)",0.001,0.001,"{'classifier': SVC(C=10.0, gamma=0.001), 'classifier__C': 0.001, 'classifier__gamma': 0.001}",0.1178,21,0.1557,0.6454,28,0.6636,-0.3527,18,-0.336,0.5885,18,0.592
11,"SVC(C=10.0, gamma=0.001)",0.001,0.01,"{'classifier': SVC(C=10.0, gamma=0.001), 'classifier__C': 0.001, 'classifier__gamma': 0.01}",0.1178,21,0.156,0.6457,24,0.664,-0.3527,18,-0.3359,0.5881,29,0.5919
12,"SVC(C=10.0, gamma=0.001)",0.001,0.1,"{'classifier': SVC(C=10.0, gamma=0.001), 'classifier__C': 0.001, 'classifier__gamma': 0.1}",0.1202,15,0.1573,0.6499,14,0.6656,-0.3527,18,-0.3365,0.5838,60,0.5899
13,"SVC(C=10.0, gamma=0.001)",0.001,1.0,"{'classifier': SVC(C=10.0, gamma=0.001), 'classifier__C': 0.001, 'classifier__gamma': 1.0}",0.1154,40,0.1637,0.6519,4,0.6678,-0.3542,41,-0.3359,0.5797,72,0.5895
14,"SVC(C=10.0, gamma=0.001)",0.001,10.0,"{'classifier': SVC(C=10.0, gamma=0.001), 'classifier__C': 0.001, 'classifier__gamma': 10.0}",0.113,51,0.1637,0.6415,39,0.6668,-0.3566,79,-0.333,0.583,64,0.5953
15,"SVC(C=10.0, gamma=0.001)",0.001,100.0,"{'classifier': SVC(C=10.0, gamma=0.001), 'classifier__C': 0.001, 'classifier__gamma': 100.0}",0.1106,54,0.1637,0.6383,42,0.6656,-0.3558,52,-0.3313,0.5879,33,0.601
16,"SVC(C=10.0, gamma=0.001)",0.001,1000.0,"{'classifier': SVC(C=10.0, gamma=0.001), 'classifier__C': 0.001, 'classifier__gamma': 1000.0}",0.1106,54,0.1637,0.6383,42,0.6655,-0.3558,52,-0.331,0.5879,33,0.6019
17,"SVC(C=10.0, gamma=0.001)",0.001,10000.0,"{'classifier': SVC(C=10.0, gamma=0.001), 'classifier__C': 0.001, 'classifier__gamma': 10000.0}",0.1106,54,0.1637,0.6383,42,0.6655,-0.3558,52,-0.331,0.5879,33,0.6019
18,"SVC(C=10.0, gamma=0.001)",0.01,0.0001,"{'classifier': SVC(C=10.0, gamma=0.001), 'classifier__C': 0.01, 'classifier__gamma': 0.0001}",0.1178,21,0.1557,0.6454,28,0.6636,-0.3527,18,-0.336,0.5885,18,0.592
19,"SVC(C=10.0, gamma=0.001)",0.01,0.001,"{'classifier': SVC(C=10.0, gamma=0.001), 'classifier__C': 0.01, 'classifier__gamma': 0.001}",0.1178,21,0.1557,0.6454,28,0.6636,-0.3527,18,-0.336,0.5885,18,0.592
20,"SVC(C=10.0, gamma=0.001)",0.01,0.01,"{'classifier': SVC(C=10.0, gamma=0.001), 'classifier__C': 0.01, 'classifier__gamma': 0.01}",0.1178,21,0.156,0.6457,24,0.664,-0.3527,18,-0.3359,0.5881,29,0.5919
21,"SVC(C=10.0, gamma=0.001)",0.01,0.1,"{'classifier': SVC(C=10.0, gamma=0.001), 'classifier__C': 0.01, 'classifier__gamma': 0.1}",0.1202,15,0.1573,0.6499,14,0.6656,-0.3527,18,-0.3365,0.5838,60,0.5899
22,"SVC(C=10.0, gamma=0.001)",0.01,1.0,"{'classifier': SVC(C=10.0, gamma=0.001), 'classifier__C': 0.01, 'classifier__gamma': 1.0}",0.1154,40,0.1637,0.6519,4,0.6678,-0.3542,41,-0.3359,0.5797,72,0.5895
23,"SVC(C=10.0, gamma=0.001)",0.01,10.0,"{'classifier': SVC(C=10.0, gamma=0.001), 'classifier__C': 0.01, 'classifier__gamma': 10.0}",0.113,51,0.1637,0.6415,39,0.6668,-0.3566,79,-0.333,0.583,64,0.5953
24,"SVC(C=10.0, gamma=0.001)",0.01,100.0,"{'classifier': SVC(C=10.0, gamma=0.001), 'classifier__C': 0.01, 'classifier__gamma': 100.0}",0.1106,54,0.1637,0.6383,42,0.6656,-0.3558,52,-0.3313,0.5879,33,0.601
25,"SVC(C=10.0, gamma=0.001)",0.01,1000.0,"{'classifier': SVC(C=10.0, gamma=0.001), 'classifier__C': 0.01, 'classifier__gamma': 1000.0}",0.1106,54,0.1637,0.6383,42,0.6655,-0.3558,52,-0.331,0.5879,33,0.6019
26,"SVC(C=10.0, gamma=0.001)",0.01,10000.0,"{'classifier': SVC(C=10.0, gamma=0.001), 'classifier__C': 0.01, 'classifier__gamma': 10000.0}",0.1106,54,0.1637,0.6383,42,0.6655,-0.3558,52,-0.331,0.5879,33,0.6019
27,"SVC(C=10.0, gamma=0.001)",0.1,0.0001,"{'classifier': SVC(C=10.0, gamma=0.001), 'classifier__C': 0.1, 'classifier__gamma': 0.0001}",0.1178,21,0.1557,0.6454,28,0.6636,-0.3527,18,-0.336,0.5885,18,0.592
28,"SVC(C=10.0, gamma=0.001)",0.1,0.001,"{'classifier': SVC(C=10.0, gamma=0.001), 'classifier__C': 0.1, 'classifier__gamma': 0.001}",0.1178,21,0.1557,0.6454,28,0.6636,-0.3527,18,-0.336,0.5885,18,0.592
29,"SVC(C=10.0, gamma=0.001)",0.1,0.01,"{'classifier': SVC(C=10.0, gamma=0.001), 'classifier__C': 0.1, 'classifier__gamma': 0.01}",0.1178,21,0.156,0.6457,24,0.664,-0.3527,18,-0.3359,0.5881,29,0.5919
30,"SVC(C=10.0, gamma=0.001)",0.1,0.1,"{'classifier': SVC(C=10.0, gamma=0.001), 'classifier__C': 0.1, 'classifier__gamma': 0.1}",0.1202,15,0.1573,0.6499,14,0.6656,-0.3527,18,-0.3365,0.5838,60,0.5899
31,"SVC(C=10.0, gamma=0.001)",0.1,1.0,"{'classifier': SVC(C=10.0, gamma=0.001), 'classifier__C': 0.1, 'classifier__gamma': 1.0}",0.1154,40,0.1637,0.6519,4,0.6678,-0.3542,41,-0.3359,0.5797,72,0.5895
32,"SVC(C=10.0, gamma=0.001)",0.1,10.0,"{'classifier': SVC(C=10.0, gamma=0.001), 'classifier__C': 0.1, 'classifier__gamma': 10.0}",0.1154,40,0.1637,0.6519,4,0.6678,-0.3542,41,-0.336,0.5797,72,0.5894
33,"SVC(C=10.0, gamma=0.001)",0.1,100.0,"{'classifier': SVC(C=10.0, gamma=0.001), 'classifier__C': 0.1, 'classifier__gamma': 100.0}",0.1106,54,0.1637,0.6383,42,0.6656,-0.3558,52,-0.3313,0.5879,33,0.601
34,"SVC(C=10.0, gamma=0.001)",0.1,1000.0,"{'classifier': SVC(C=10.0, gamma=0.001), 'classifier__C': 0.1, 'classifier__gamma': 1000.0}",0.1106,54,0.1637,0.6383,42,0.6655,-0.3558,52,-0.331,0.5879,33,0.6019
35,"SVC(C=10.0, gamma=0.001)",0.1,10000.0,"{'classifier': SVC(C=10.0, gamma=0.001), 'classifier__C': 0.1, 'classifier__gamma': 10000.0}",0.1106,54,0.1637,0.6383,42,0.6655,-0.3558,52,-0.331,0.5879,33,0.6019
36,"SVC(C=10.0, gamma=0.001)",1.0,0.0001,"{'classifier': SVC(C=10.0, gamma=0.001), 'classifier__C': 1.0, 'classifier__gamma': 0.0001}",0.1178,21,0.1557,0.6454,28,0.6636,-0.3527,18,-0.336,0.5885,18,0.592
37,"SVC(C=10.0, gamma=0.001)",1.0,0.001,"{'classifier': SVC(C=10.0, gamma=0.001), 'classifier__C': 1.0, 'classifier__gamma': 0.001}",0.1178,21,0.1557,0.6454,28,0.6636,-0.3527,18,-0.336,0.5885,18,0.592
38,"SVC(C=10.0, gamma=0.001)",1.0,0.01,"{'classifier': SVC(C=10.0, gamma=0.001), 'classifier__C': 1.0, 'classifier__gamma': 0.01}",0.1779,3,0.2139,0.6575,3,0.6742,-0.3229,3,-0.3084,0.6085,7,0.6184
39,"SVC(C=10.0, gamma=0.001)",1.0,0.1,"{'classifier': SVC(C=10.0, gamma=0.001), 'classifier__C': 1.0, 'classifier__gamma': 0.1}",0.1585,4,0.5812,0.6483,23,0.8274,-0.3245,4,-0.155,0.6096,4,0.7949
40,"SVC(C=10.0, gamma=0.001)",1.0,1.0,"{'classifier': SVC(C=10.0, gamma=0.001), 'classifier__C': 1.0, 'classifier__gamma': 1.0}",0.1153,50,0.9976,0.6498,22,0.9995,-0.3551,51,-0.0004,0.5798,71,0.9991
41,"SVC(C=10.0, gamma=0.001)",1.0,10.0,"{'classifier': SVC(C=10.0, gamma=0.001), 'classifier__C': 1.0, 'classifier__gamma': 10.0}",0.1154,40,0.9976,0.6519,4,0.9995,-0.3542,41,-0.0004,0.5797,72,0.9991
42,"SVC(C=10.0, gamma=0.001)",1.0,100.0,"{'classifier': SVC(C=10.0, gamma=0.001), 'classifier__C': 1.0, 'classifier__gamma': 100.0}",0.1106,54,0.9976,0.6383,42,0.9995,-0.3558,52,-0.0004,0.5879,33,0.9991
43,"SVC(C=10.0, gamma=0.001)",1.0,1000.0,"{'classifier': SVC(C=10.0, gamma=0.001), 'classifier__C': 1.0, 'classifier__gamma': 1000.0}",0.1106,54,0.9976,0.6383,42,0.9995,-0.3558,52,-0.0004,0.5879,33,0.9991
44,"SVC(C=10.0, gamma=0.001)",1.0,10000.0,"{'classifier': SVC(C=10.0, gamma=0.001), 'classifier__C': 1.0, 'classifier__gamma': 10000.0}",0.1106,54,0.9976,0.6383,42,0.9995,-0.3558,52,-0.0004,0.5879,33,0.9991
45,"SVC(C=10.0, gamma=0.001)",10.0,0.0001,"{'classifier': SVC(C=10.0, gamma=0.001), 'classifier__C': 10.0, 'classifier__gamma': 0.0001}",0.1178,21,0.1557,0.6454,28,0.6636,-0.3527,18,-0.336,0.5885,18,0.592
46,"SVC(C=10.0, gamma=0.001)",10.0,0.001,"{'classifier': SVC(C=10.0, gamma=0.001), 'classifier__C': 10.0, 'classifier__gamma': 0.001}",0.1851,1,0.2139,0.659,1,0.6729,-0.3193,1,-0.3084,0.6131,3,0.6194
47,"SVC(C=10.0, gamma=0.001)",10.0,0.01,"{'classifier': SVC(C=10.0, gamma=0.001), 'classifier__C': 10.0, 'classifier__gamma': 0.01}",0.1515,5,0.4933,0.6343,69,0.781,-0.3257,5,-0.1928,0.6166,1,0.7636
48,"SVC(C=10.0, gamma=0.001)",10.0,0.1,"{'classifier': SVC(C=10.0, gamma=0.001), 'classifier__C': 10.0, 'classifier__gamma': 0.1}",0.1465,7,0.9976,0.6192,72,0.9995,-0.3441,12,-0.0004,0.5932,13,0.9991
49,"SVC(C=10.0, gamma=0.001)",10.0,1.0,"{'classifier': SVC(C=10.0, gamma=0.001), 'classifier__C': 10.0, 'classifier__gamma': 1.0}",0.1177,36,0.9976,0.6498,18,0.9995,-0.3535,37,-0.0004,0.5815,67,0.9991
50,"SVC(C=10.0, gamma=0.001)",10.0,10.0,"{'classifier': SVC(C=10.0, gamma=0.001), 'classifier__C': 10.0, 'classifier__gamma': 10.0}",0.1154,40,0.9976,0.6519,4,0.9995,-0.3542,41,-0.0004,0.5797,72,0.9991
51,"SVC(C=10.0, gamma=0.001)",10.0,100.0,"{'classifier': SVC(C=10.0, gamma=0.001), 'classifier__C': 10.0, 'classifier__gamma': 100.0}",0.1106,54,0.9976,0.6383,42,0.9995,-0.3558,52,-0.0004,0.5879,33,0.9991
52,"SVC(C=10.0, gamma=0.001)",10.0,1000.0,"{'classifier': SVC(C=10.0, gamma=0.001), 'classifier__C': 10.0, 'classifier__gamma': 1000.0}",0.1106,54,0.9976,0.6383,42,0.9995,-0.3558,52,-0.0004,0.5879,33,0.9991
53,"SVC(C=10.0, gamma=0.001)",10.0,10000.0,"{'classifier': SVC(C=10.0, gamma=0.001), 'classifier__C': 10.0, 'classifier__gamma': 10000.0}",0.1106,54,0.9976,0.6383,42,0.9995,-0.3558,52,-0.0004,0.5879,33,0.9991
54,"SVC(C=10.0, gamma=0.001)",100.0,0.0001,"{'classifier': SVC(C=10.0, gamma=0.001), 'classifier__C': 100.0, 'classifier__gamma': 0.0001}",0.1851,1,0.2158,0.6583,2,0.6737,-0.3197,2,-0.3076,0.6131,2,0.6201
55,"SVC(C=10.0, gamma=0.001)",100.0,0.001,"{'classifier': SVC(C=10.0, gamma=0.001), 'classifier__C': 100.0, 'classifier__gamma': 0.001}",0.1442,11,0.4583,0.6289,70,0.7656,-0.3322,7,-0.207,0.6086,6,0.7465
56,"SVC(C=10.0, gamma=0.001)",100.0,0.01,"{'classifier': SVC(C=10.0, gamma=0.001), 'classifier__C': 100.0, 'classifier__gamma': 0.01}",0.1228,12,0.9728,0.6176,78,0.9906,-0.3378,8,-0.0081,0.6009,8,0.9932
57,"SVC(C=10.0, gamma=0.001)",100.0,0.1,"{'classifier': SVC(C=10.0, gamma=0.001), 'classifier__C': 100.0, 'classifier__gamma': 0.1}",0.1465,7,0.9976,0.6192,72,0.9995,-0.3441,12,-0.0004,0.5932,13,0.9991
58,"SVC(C=10.0, gamma=0.001)",100.0,1.0,"{'classifier': SVC(C=10.0, gamma=0.001), 'classifier__C': 100.0, 'classifier__gamma': 1.0}",0.1177,36,0.9976,0.6498,18,0.9995,-0.3535,37,-0.0004,0.5815,67,0.9991
59,"SVC(C=10.0, gamma=0.001)",100.0,10.0,"{'classifier': SVC(C=10.0, gamma=0.001), 'classifier__C': 100.0, 'classifier__gamma': 10.0}",0.1154,40,0.9976,0.6519,4,0.9995,-0.3542,41,-0.0004,0.5797,72,0.9991
60,"SVC(C=10.0, gamma=0.001)",100.0,100.0,"{'classifier': SVC(C=10.0, gamma=0.001), 'classifier__C': 100.0, 'classifier__gamma': 100.0}",0.1106,54,0.9976,0.6383,42,0.9995,-0.3558,52,-0.0004,0.5879,33,0.9991
61,"SVC(C=10.0, gamma=0.001)",100.0,1000.0,"{'classifier': SVC(C=10.0, gamma=0.001), 'classifier__C': 100.0, 'classifier__gamma': 1000.0}",0.1106,54,0.9976,0.6383,42,0.9995,-0.3558,52,-0.0004,0.5879,33,0.9991
62,"SVC(C=10.0, gamma=0.001)",100.0,10000.0,"{'classifier': SVC(C=10.0, gamma=0.001), 'classifier__C': 100.0, 'classifier__gamma': 10000.0}",0.1106,54,0.9976,0.6383,42,0.9995,-0.3558,52,-0.0004,0.5879,33,0.9991
63,"SVC(C=10.0, gamma=0.001)",1000.0,0.0001,"{'classifier': SVC(C=10.0, gamma=0.001), 'classifier__C': 1000.0, 'classifier__gamma': 0.0001}",0.1466,6,0.4554,0.6288,71,0.7643,-0.3318,6,-0.2082,0.6095,5,0.7452
64,"SVC(C=10.0, gamma=0.001)",1000.0,0.001,"{'classifier': SVC(C=10.0, gamma=0.001), 'classifier__C': 1000.0, 'classifier__gamma': 0.001}",0.1059,81,0.8539,0.6016,81,0.9407,-0.3498,17,-0.0511,0.5885,17,0.9376
65,"SVC(C=10.0, gamma=0.001)",1000.0,0.01,"{'classifier': SVC(C=10.0, gamma=0.001), 'classifier__C': 1000.0, 'classifier__gamma': 0.01}",0.1202,13,0.9976,0.6183,76,0.9995,-0.3386,9,-0.0004,0.6004,9,0.9991
66,"SVC(C=10.0, gamma=0.001)",1000.0,0.1,"{'classifier': SVC(C=10.0, gamma=0.001), 'classifier__C': 1000.0, 'classifier__gamma': 0.1}",0.1465,7,0.9976,0.6192,72,0.9995,-0.3441,12,-0.0004,0.5932,13,0.9991
67,"SVC(C=10.0, gamma=0.001)",1000.0,1.0,"{'classifier': SVC(C=10.0, gamma=0.001), 'classifier__C': 1000.0, 'classifier__gamma': 1.0}",0.1177,36,0.9976,0.6498,18,0.9995,-0.3535,37,-0.0004,0.5815,67,0.9991
68,"SVC(C=10.0, gamma=0.001)",1000.0,10.0,"{'classifier': SVC(C=10.0, gamma=0.001), 'classifier__C': 1000.0, 'classifier__gamma': 10.0}",0.1154,40,0.9976,0.6519,4,0.9995,-0.3542,41,-0.0004,0.5797,72,0.9991
69,"SVC(C=10.0, gamma=0.001)",1000.0,100.0,"{'classifier': SVC(C=10.0, gamma=0.001), 'classifier__C': 1000.0, 'classifier__gamma': 100.0}",0.1106,54,0.9976,0.6383,42,0.9995,-0.3558,52,-0.0004,0.5879,33,0.9991
70,"SVC(C=10.0, gamma=0.001)",1000.0,1000.0,"{'classifier': SVC(C=10.0, gamma=0.001), 'classifier__C': 1000.0, 'classifier__gamma': 1000.0}",0.1106,54,0.9976,0.6383,42,0.9995,-0.3558,52,-0.0004,0.5879,33,0.9991
71,"SVC(C=10.0, gamma=0.001)",1000.0,10000.0,"{'classifier': SVC(C=10.0, gamma=0.001), 'classifier__C': 1000.0, 'classifier__gamma': 10000.0}",0.1106,54,0.9976,0.6383,42,0.9995,-0.3558,52,-0.0004,0.5879,33,0.9991
72,"SVC(C=10.0, gamma=0.001)",10000.0,0.0001,"{'classifier': SVC(C=10.0, gamma=0.001), 'classifier__C': 10000.0, 'classifier__gamma': 0.0001}",0.1179,19,0.8341,0.6063,80,0.9308,-0.3453,16,-0.0598,0.5944,12,0.9267
73,"SVC(C=10.0, gamma=0.001)",10000.0,0.001,"{'classifier': SVC(C=10.0, gamma=0.001), 'classifier__C': 10000.0, 'classifier__gamma': 0.001}",0.1178,20,0.9848,0.6081,79,0.9943,-0.3423,11,-0.0049,0.5988,11,0.9952
74,"SVC(C=10.0, gamma=0.001)",10000.0,0.01,"{'classifier': SVC(C=10.0, gamma=0.001), 'classifier__C': 10000.0, 'classifier__gamma': 0.01}",0.1202,13,0.9976,0.6183,76,0.9995,-0.3386,9,-0.0004,0.6004,9,0.9991
75,"SVC(C=10.0, gamma=0.001)",10000.0,0.1,"{'classifier': SVC(C=10.0, gamma=0.001), 'classifier__C': 10000.0, 'classifier__gamma': 0.1}",0.1465,7,0.9976,0.6192,72,0.9995,-0.3441,12,-0.0004,0.5932,13,0.9991
76,"SVC(C=10.0, gamma=0.001)",10000.0,1.0,"{'classifier': SVC(C=10.0, gamma=0.001), 'classifier__C': 10000.0, 'classifier__gamma': 1.0}",0.1177,36,0.9976,0.6498,18,0.9995,-0.3535,37,-0.0004,0.5815,67,0.9991
77,"SVC(C=10.0, gamma=0.001)",10000.0,10.0,"{'classifier': SVC(C=10.0, gamma=0.001), 'classifier__C': 10000.0, 'classifier__gamma': 10.0}",0.1154,40,0.9976,0.6519,4,0.9995,-0.3542,41,-0.0004,0.5797,72,0.9991
78,"SVC(C=10.0, gamma=0.001)",10000.0,100.0,"{'classifier': SVC(C=10.0, gamma=0.001), 'classifier__C': 10000.0, 'classifier__gamma': 100.0}",0.1106,54,0.9976,0.6383,42,0.9995,-0.3558,52,-0.0004,0.5879,33,0.9991
79,"SVC(C=10.0, gamma=0.001)",10000.0,1000.0,"{'classifier': SVC(C=10.0, gamma=0.001), 'classifier__C': 10000.0, 'classifier__gamma': 1000.0}",0.1106,54,0.9976,0.6383,42,0.9995,-0.3558,52,-0.0004,0.5879,33,0.9991
80,"SVC(C=10.0, gamma=0.001)",10000.0,10000.0,"{'classifier': SVC(C=10.0, gamma=0.001), 'classifier__C': 10000.0, 'classifier__gamma': 10000.0}",0.1106,54,0.9976,0.6383,42,0.9995,-0.3558,52,-0.0004,0.5879,33,0.9991

,accuracy,f1_micro,hamming_loss,precision,model
0,0.2374,0.6876,-0.2746,0.672,binary_relevance_svms
0,0.2374,0.6828,-0.283,0.658,classifier_chain_svms
0,0.2158,0.6908,-0.2866,0.6434,label_powerset_svms

,param_classifier,param_classifier__C,param_classifier__gamma,params,mean_test_accuracy,rank_test_accuracy,mean_train_accuracy,mean_test_f1_micro,rank_test_f1_micro,mean_train_f1_micro,mean_test_hamming_loss,rank_test_hamming_loss,mean_train_hamming_loss,mean_test_precision,rank_test_precision,mean_train_precision,model
63,"SVC(C=10.0, gamma=0.001)",1000.0,0.0001,"{'classifier': SVC(C=10.0, gamma=0.001), 'classifier__C': 1000.0, 'classifier__gamma': 0.0001}",0.1443,2,0.2332,0.6653,1,0.7279,-0.2908,1,-0.2375,0.6612,4,0.7178,binary_relevance_svms
39,"SVC(C=10.0, gamma=0.001)",1.0,0.1,"{'classifier': SVC(C=10.0, gamma=0.001), 'classifier__C': 1.0, 'classifier__gamma': 0.1}",0.137,3,0.582,0.6564,1,0.8726,-0.3037,1,-0.111,0.6414,68,0.8615,classifier_chain_svms
46,"SVC(C=10.0, gamma=0.001)",10.0,0.001,"{'classifier': SVC(C=10.0, gamma=0.001), 'classifier__C': 10.0, 'classifier__gamma': 0.001}",0.1851,1,0.2139,0.659,1,0.6729,-0.3193,1,-0.3084,0.6131,3,0.6194,label_powerset_svms

,param_classifier,param_classifier__C,param_classifier__gamma,params,mean_test_accuracy,rank_test_accuracy,mean_train_accuracy,mean_test_f1_micro,rank_test_f1_micro,mean_train_f1_micro,mean_test_hamming_loss,rank_test_hamming_loss,mean_train_hamming_loss,mean_test_precision,rank_test_precision,mean_train_precision,model
63,"SVC(C=10.0, gamma=0.001)",1000.0,0.0001,"{'classifier': SVC(C=10.0, gamma=0.001), 'classifier__C': 1000.0, 'classifier__gamma': 0.0001}",0.1443,2,0.2332,0.6653,1,0.7279,-0.2908,1,-0.2375,0.6612,4,0.7178,binary_relevance_svms
39,"SVC(C=10.0, gamma=0.001)",1.0,0.1,"{'classifier': SVC(C=10.0, gamma=0.001), 'classifier__C': 1.0, 'classifier__gamma': 0.1}",0.137,3,0.582,0.6564,1,0.8726,-0.3037,1,-0.111,0.6414,68,0.8615,classifier_chain_svms
46,"SVC(C=10.0, gamma=0.001)",10.0,0.001,"{'classifier': SVC(C=10.0, gamma=0.001), 'classifier__C': 10.0, 'classifier__gamma': 0.001}",0.1851,1,0.2139,0.659,1,0.6729,-0.3193,1,-0.3084,0.6131,3,0.6194,label_powerset_svms

